﻿Accuracy,n,%,Type,Bag
Correctly Classified Instances       ,12102,55.48,Vote(AVG),0
Incorrectly Classified Instances      ,9710,44.52,Vote(AVG),0
Correctly Classified Instances       ,12248,56.15,Vote(Majority),0
Incorrectly Classified Instances     ,9564,43.85,Vote(Majority),0
Correctly Classified Instances       ,10700,49.06,Vote(MAX),0
Incorrectly Classified Instances     ,11112,50.94,Vote(MAX),0
Correctly Classified Instances      ,10509,48.18,Vote(MIN),0
Incorrectly Classified Instances     ,11303,51.82,Vote(MIN),0
Correctly Classified Instances       ,10938,50.15,Vote(PRODUCT),0
Incorrectly Classified Instances     ,10874,49.85,Vote(PRODUCT),0
Correctly Classified Instances       ,10623,48.70,KNN (K=1),0
Incorrectly Classified Instances    ,11189,51.30,KNN (K=1),0
Correctly Classified Instances      ,11931,54.70,NN MP,0
Incorrectly Classified Instances     ,9881,45.30,NN MP,0
Correctly Classified Instances       ,11277,51.70,J48,0
Incorrectly Classified Instances     ,10535,48.30,J48,0
Correctly Classified Instances       ,10208,46.80,KNN (K=1),2
Incorrectly Classified Instances,11604,53.20,KNN (K=1),2
Correctly Classified Instances,10575,48.48,KNN (K=1),4
Incorrectly Classified Instances,11237,51.52,KNN (K=1),4
Correctly Classified Instances       ,10739,49.23,KNN (K=1),6
Incorrectly Classified Instances,11073,50.77,KNN (K=1),6
Correctly Classified Instances ,10722,49.16,KNN (K=1),8
Incorrectly Classified Instances,11090,50.84,KNN (K=1),8
Correctly Classified Instances,10737,49.23,KNN (K=1),10
Incorrectly Classified Instances,11075,50.77,KNN (K=1),10
Correctly Classified Instances,10765,49.35,KNN (K=1),12
Incorrectly Classified Instances,11047,50.65,KNN (K=1),12
Correctly Classified Instances,10769,49.37,KNN (K=1),14
Incorrectly Classified Instances,11043,50.63,KNN (K=1),14
Correctly Classified Instances,10775,49.40,KNN (K=1),16
Incorrectly Classified Instances,11037,50.60,KNN (K=1),16
Correctly Classified Instances,10767,49.36,KNN (K=1),18
Incorrectly Classified Instances,11045,50.64,KNN (K=1),18
Correctly Classified Instances,10774,49.39,KNN (K=1),20
Incorrectly Classified Instances,11038,50.61,KNN (K=1),20
Correctly Classified Instances ,10766,49.36,J48,2
Incorrectly Classified Instances,11046,50.64,J48,2
Correctly Classified Instances,12076,55.36,J48,4
Incorrectly Classified Instances,9736,44.64,J48,4
Correctly Classified Instances,12380,56.76,J48,6
Incorrectly Classified Instances,9432,43.24,J48,6
Correctly Classified Instances,12641,57.95,J48,8
Incorrectly Classified Instances,9171,42.05,J48,8
Correctly Classified Instances,12735,58.39,J48,10
Incorrectly Classified Instances,9077,41.61,J48,10
Correctly Classified Instances,12816,58.76,J48,12
Incorrectly Classified Instances,8996,41.24,J48,12
Correctly Classified Instances,12920,59.23,J48,14
Incorrectly Classified Instances,8892,40.77,J48,14
Correctly Classified Instances ,12931,59.28,J48,16
Incorrectly Classified Instances,8881,40.72,J48,16
Correctly Classified Instances,12967,59.45,J48,18
Incorrectly Classified Instances,8845,40.55,J48,18
Correctly Classified Instances ,12997,59.59,J48,20
Incorrectly Classified Instances,8815,40.41,J48,20
Correctly Classified Instances,12073,55.35,NN MP,2
Incorrectly Classified Instances,9739,44.65,NN MP,2
Correctly Classified Instances,12383,56.77,NN MP,4
Incorrectly Classified Instances,9429,43.23,NN MP,4
Correctly Classified Instances,12403,56.86,NN MP,6
Incorrectly Classified Instances,9409,43.14,NN MP,6
Correctly Classified Instances,12364,56.68,NN MP,8
Incorrectly Classified Instances,9448,43.32,NN MP,8
Correctly Classified Instances,12381,56.76,NN MP,10
Incorrectly Classified Instances,9431,43.24,NN MP,10
Correctly Classified Instances,12400,56.85,NN MP,12
Incorrectly Classified Instances,9412,43.15,NN MP,12
Correctly Classified Instances,12421,56.95,NN MP,14
Incorrectly Classified Instances,9391,43.05,NN MP,14
Correctly Classified Instances,12445,57.06,NN MP,16
Incorrectly Classified Instances,9367,42.94,NN MP,16
Correctly Classified Instances,12448,57.07,NN MP,18
Incorrectly Classified Instances,9364,42.93,NN MP,18
Correctly Classified Instances,12482,57.23,NN MP,20
Incorrectly Classified Instances,9330,42.77,NN MP,20